p_variant,Ebert_score,WT_nutlin_score,Etoposide_score,null_nutlin_score,Classification_1
p.A129T,0.164304095,0.231597504,0.57322745,-0.578654207,B
p.A83V,-0.123566417,-0.12820954,0.529894528,-0.550347088,B
p.A86T,-0.121479062,-0.041858609,0.316752884,-0.486993239,B
p.D186E,-0.097893656,0.204690001,0.577624427,-0.229765617,B
p.E11Q,0.055602597,-0.906977023,0.148697571,-0.60338967,B
p.G360V,-0.294943808,-0.60826542,0.747300283,-0.797713277,B
p.H214Q,0.045191015,0.259877711,0.536439341,-0.465725824,B
p.M160V,0.103990197,0.527680689,0.218184597,0.043720056,B
p.N263D,0.155484588,0.572309659,0.307429787,-0.367508664,B
p.P295S,0.154912341,0.760499024,0.364979755,-0.076417428,B
p.P34T,-0.036898868,-0.086792065,0.67488765,-0.601489516,B
p.P36Q,-0.024088929,-0.187941471,0.650558139,-0.304633082,B
p.P58R,-0.332363388,-0.644919139,-0.019194032,0.036410584,B
p.Q317K,-0.063259127,-0.212239232,0.552696929,-0.622455141,B
p.R202C,-0.076393894,-0.069659133,0.702203077,-1.059400766,B
p.R202G,-0.384696267,0.085313269,1.11168799,-1.036400077,B
p.R202H,-0.505002316,0.255621676,0.525926493,-0.508833864,B
p.T155S,0.129321063,0.027131058,0.833224069,-0.249069074,B
p.C135F,0.354833208,0.929348119,-0.488730746,0.84238474,P
p.C135W,0.517520959,1.910308152,-1.022339538,1.55849212,P
p.C135Y,0.556210578,1.516570928,-0.812133407,0.755927097,P
p.C141W,0.338236766,1.692928535,-1.209194813,0.48396635,P
p.G334R,-0.398648878,-0.878950401,0.078179571,0.017740973,P
p.H178P,0.375262082,1.576476095,-1.536139015,0.964383983,P
p.H179N,0.593698497,1.079493189,0.073929021,0.185562019,P
p.H179R,0.389304591,1.05797536,-0.393817808,0.22065677,P
p.H193L,0.611729654,1.674716831,-1.050249113,1.137432109,P
p.K132E,0.334000693,1.656070842,-0.507029011,0.968567549,P
p.L257R,0.536872743,1.891035396,-1.199471793,1.142264148,P
p.L344P,-0.571038725,-0.878783867,-1.398010989,1.36931418,P
p.M237I,0.783468337,1.415720687,-0.669911542,0.748683079,P
p.M243T,0.137694639,0.725009349,0.234471927,-0.065604145,P
p.M246I,0.164151388,0.641868607,-0.15165657,-0.000102725,P
p.N239D,0.346194918,1.616411267,-0.905192643,0.76440292,P
p.P278L,0.508452657,1.713279305,-1.436664526,1.361235928,P
p.R156H,0.266794308,0.85391734,0.178743405,-0.273923281,P
p.R158C,0.617900128,1.312618188,0.105301401,0.281736159,P
p.R181C,-0.430541799,0.366497854,0.409841536,-0.769997469,P
p.R196P,0.585505633,1.579775687,-1.56154866,1.192166713,P
p.R280G,0.743279398,1.250418521,-1.214313409,0.825180665,P
p.R282L,0.097637529,0.287036622,0.566605581,-0.47378344,P
p.T125M,0.202315252,0.516794204,0.267164197,-0.545769102,P
p.T256A,0.023981951,0.410214437,0.31867699,-0.820318728,P
p.V157D,-0.02158395,1.38328248,-0.351814633,0.16931158,P
p.V157F,0.308878667,0.676286999,0.013701171,0.250011401,P
p.V216M,0.696223057,1.834467813,-1.133720273,1.384281569,P
p.Y234D,0.479216697,1.675080085,-1.191916049,1.155946745,P
p.Y236C,0.739186134,1.850948132,-1.005376493,1.348167138,P
p.Y236D,0.607646798,1.916225471,-1.280425568,1.107989846,P
p.Y236H,0.371847218,1.270058177,-0.621554736,0.756708872,P
