p_variant,Ebert_score,WT_nutlin_score,Etoposide_score,null_nutlin_score,clinvar
p.A129S,-0.259428029,0.201446436,-0.04585065,0.376802692,B
p.A74V,-0.465960549,-0.214822468,0.700463717,-1.67958024,B
p.A84T,-0.004774164,-0.172701838,0.58330731,-0.690452831,B
p.D48E,-0.092408515,-0.172164398,0.785285923,-0.26309169,B
p.D49N,0.019632485,0.056224413,0.434102325,-0.452379242,B
p.D7E,-0.013755172,-0.156193883,0.437352994,-0.819761912,B
p.E298K,0.07991485,0.499807885,0.359961617,-0.159994822,B
p.E388A,-0.316400726,-0.247964607,1.238938102,-2.297996163,B
p.F54L,0.04749318,-0.133590635,0.647422071,-0.356030475,B
p.G293W,-0.015464998,0.108261916,0.517707607,-0.587108475,B
p.G360A,-0.356182617,-1.190319418,0.882683633,-0.406035159,B
p.G374R,-0.288721915,-0.550859428,0.985471191,-1.483277895,B
p.H296Y,0.169016041,0.320558076,0.336706844,-0.008942191,B
p.H365Y,-0.065692728,-0.365854514,0.599972702,-0.201573181,B
p.L289F,0.031764056,-0.031705333,0.400362928,-0.361512563,B
p.N235S,0.067670259,0.168908163,0.297665852,-0.096710103,B
p.N263S,-0.07977828,0.185306462,0.474979064,0.049866466,B
p.N29D,0.007658766,-0.269183396,0.158303217,-0.414838092,B
p.P47S,-0.338935816,-0.228058957,0.812108685,-0.231742319,B
p.P82L,-0.109695046,0.000597807,0.508266009,-0.72129758,B
p.P89T,-0.045176328,-0.212234467,0.520413621,-0.483813855,B
p.P8L,-0.011335282,-0.56649488,-0.007909445,-0.523453143,B
p.Q165K,-0.118458373,-0.078276387,0.702058776,-0.819799692,B
p.R110H,0.026741227,0.201289888,0.513217906,-0.245438693,B
p.R290H,0.227440987,0.473134078,0.373659226,-0.344654966,B
p.R65G,-0.369622094,-0.065494349,0.443939007,0.007669744,B
p.S185N,0.014767787,0.227527022,0.210866534,-0.293036243,B
p.S366A,-0.179421352,-1.00446978,1.026296812,-1.440529078,B
p.T312S,-0.252161416,-0.655472787,0.664299503,-0.322343881,B
p.V10I,0.04761301,-0.11962277,0.494835294,-0.779427284,B
p.V73M,-0.007543546,0.062432421,0.662070329,-0.499769846,B
p.Y107H,-0.044774885,0.096291683,0.545369306,-0.109673459,B
p.A138P,0.499872509,0.952456769,-1.471983169,1.295137217,P
p.A276D,0.600320589,1.26890555,-0.447955625,0.186339599,P
p.A276G,0.278988206,0.465064564,-1.024980069,0.541303488,P
p.A347D,-0.439078776,-0.893116134,0.513567312,-0.53158454,P
p.C135G,0.506549684,1.610387661,-1.515428228,0.647809449,P
p.C141Y,0.627266692,1.685871054,-0.718908533,0.782146736,P
p.C176F,0.586379145,1.726217347,-0.345565805,0.448763702,P
p.C176Y,0.761739585,2.030640225,-0.877360068,0.806320422,P
p.C238F,0.70818869,1.473109008,-0.320878716,0.754016644,P
p.C238R,0.716986617,1.659315607,-0.820923554,0.454680153,P
p.C238S,0.707298688,1.759802635,-0.721313871,0.750939858,P
p.C238W,0.663924147,2.101841933,-1.211970639,1.181772751,P
p.C238Y,0.545210613,1.864029889,-1.508380745,1.188211939,P
p.C242R,0.671730879,1.598236945,-0.558821769,0.490335892,P
p.C242Y,0.626213499,1.805851413,-0.925361363,0.477712597,P
p.C275R,0.730378414,1.618916085,-1.401855455,0.945670657,P
p.C275W,0.678069693,1.94224381,-1.585736657,1.188337039,P
p.C275Y,0.805222194,1.845477319,-1.439901062,1.184788549,P
p.D281G,0.403835667,0.519380224,-1.010384274,0.640240319,P
p.D281N,0.392590998,1.115002602,-1.605116557,0.857427432,P
p.D281V,0.440221229,0.223491211,-1.530184123,-0.124282267,P
p.D281Y,0.575947567,1.027131368,-1.162746467,0.348368249,P
p.E180K,0.44830346,1.396085852,-0.837789327,0.633019896,P
p.E258K,0.46316161,1.307254142,-1.286815173,1.112147236,P
p.E285K,0.636004249,1.843314673,-1.494882732,1.007291314,P
p.E285V,0.03638661,1.711337411,-1.235334435,0.632268866,P
p.E286K,0.542884878,1.539525019,-1.402626374,1.231988223,P
p.F109V,0.563131992,1.200407682,-0.971239926,0.921346907,P
p.F134C,0.470404841,1.678464945,-1.006369558,1.261977929,P
p.F134L,0.727602302,1.476273002,-0.79727195,0.772299044,P
p.F270S,0.699692852,1.371587472,-1.053218623,1.105910452,P
p.G105S,0.218554944,0.466589399,0.014440428,-0.204287419,P
p.G199V,0.515517906,0.746198261,-0.553056051,0.766928008,P
p.G244D,0.648305372,1.409686663,-1.082347956,0.53224743,P
p.G244S,0.492790355,1.695404539,-0.98943069,0.464494844,P
p.G245A,0.58552878,1.529857547,-1.113667024,1.140791613,P
p.G245C,0.578602339,1.217758887,0.044244468,0.504274315,P
p.G245D,0.49200533,1.311784568,0.312981567,-0.956098892,P
p.G245S,0.406517818,1.146383877,-0.710639579,0.458298418,P
p.G245V,0.820388108,1.950994795,-0.326075456,0.373237147,P
p.G279E,0.237173718,0.535942383,-1.087705362,0.401458267,P
p.G334W,-0.270787026,-0.84073896,-0.088527539,0.22198451,P
p.H178D,0.311864829,1.082340011,-1.314063014,-0.027180618,P
p.H179P,0.837344712,0.787794743,-1.401194309,1.04210763,P
p.H179Q,0.635643972,2.319712816,-0.86470158,1.273950396,P
p.H179Y,0.575051781,1.792180409,-0.375754243,0.976738503,P
p.H193P,0.618236308,1.89085236,-1.264402659,1.23125389,P
p.H193Q,0.087663044,0.767611657,0.051900712,-0.189019522,P
p.H193R,0.665864717,1.835454309,-1.178291782,1.416323183,P
p.H193Y,0.441706958,1.408627666,-0.953067563,0.810139121,P
p.H214R,0.725436079,1.660145096,-0.883746059,0.950217069,P
p.I195T,0.402367308,1.598132501,-1.09230825,0.95993409,P
p.I232T,0.432405973,1.254814791,-0.952886729,0.818413052,P
p.I251L,0.548798342,1.250218245,-1.380967467,1.110699461,P
p.I251S,0.566765147,1.039484757,-1.35346504,1.004775334,P
p.I254N,-0.021039036,1.382218979,-1.589521859,0.680989524,P
p.K132N,0.565086919,1.271866953,-0.582516621,0.849871179,P
p.L130P,0.306461382,0.874056978,-1.261409831,1.404719414,P
p.L194F,0.216827409,0.934612044,-1.305315529,0.672239577,P
p.L265P,0.889571414,1.527786425,-0.79935759,1.043613188,P
p.M133T,0.503465033,0.886250304,-0.605099693,0.735427425,P
p.M246K,0.025511723,2.289718701,-1.110200344,0.618545952,P
p.M246L,0.277604643,1.157908718,-0.444974267,-0.058941971,P
p.M246R,0.937784619,2.442838929,-1.369558859,1.104154877,P
p.M246V,0.216625367,1.553754553,-0.569898535,0.804644544,P
p.N131I,0.011677052,1.612359705,-1.138372926,1.149077637,P
p.N131Y,-0.001620643,1.653105871,-0.859618249,0.723024991,P
p.N235D,0.420297975,1.292565649,-1.000719779,1.196221693,P
p.N239S,0.368444612,0.963145421,-0.672217772,0.351663554,P
p.P151S,0.608922297,1.506581632,-0.916827403,0.819504912,P
p.P151T,0.109146254,0.688116492,-0.944517885,1.006859748,P
p.P152L,0.404737305,1.021546687,-0.811601809,0.63162429,P
p.P152R,0.397464563,0.579194548,-1.45797379,1.018014368,P
p.P177R,0.633151726,1.649986416,-1.514334885,0.41420968,P
p.R110L,0.293185192,0.622652479,0.02162052,0.158658004,P
p.R110P,0.597488278,1.085446343,-1.520804158,1.380222798,P
p.R158G,0.573783396,1.711250914,-1.649396203,1.250493502,P
p.R158H,0.315291016,0.904444703,-0.359973067,0.202604818,P
p.R158L,0.83538387,0.734578579,-0.828346473,0.902511027,P
p.R158P,0.541359026,1.532261479,-1.257794022,1.126336197,P
p.R175G,0.303535063,1.730190212,-1.029278833,0.968023608,P
p.R175H,0.596019926,1.791388107,-0.744765414,0.538395763,P
p.R175L,0.270590749,0.940932419,0.20739737,-0.378672902,P
p.R181H,0.245163974,0.905085127,0.331824546,-0.248286644,P
p.R181P,0.177978,0.916882548,-1.583824397,1.181626196,P
p.R213P,0.364636006,1.48068039,-0.515648016,1.598364449,P
p.R213Q,0.396442263,1.016928956,-0.635715681,0.446985773,P
p.R248L,0.484403012,1.458720515,-0.394104588,0.463439474,P
p.R248P,0.992199985,2.294467954,-1.743365156,1.661651708,P
p.R248Q,0.374640056,1.23347987,-0.985384825,0.217053441,P
p.R248W,0.499841083,1.552718316,-0.689231246,0.613930736,P
p.R267W,0.176398764,1.030361367,0.070845463,-0.279942163,P
p.R273C,0.531982628,1.261347254,-0.930398222,0.31430424,P
p.R273G,0.799744443,1.795177364,-1.583272213,1.266317784,P
p.R273H,0.496113938,1.14550082,-1.438387094,1.077844162,P
p.R273L,0.567075186,1.346060405,-0.891221137,0.664437706,P
p.R273P,0.608114278,1.553757957,-1.335750052,1.303419086,P
p.R273S,0.541413187,1.042686259,-1.164742842,0.273506785,P
p.R282G,0.655201744,1.718690103,-1.170082358,1.169674932,P
p.R282P,0.721665426,1.733953403,-1.819235875,1.469039129,P
p.R282W,0.488827708,1.590702967,-0.757141577,0.729156313,P
p.R337C,-0.511126477,-0.984937807,-1.109334997,0.776421409,P
p.R337H,-0.379130739,-0.964707535,0.200402324,-0.213287102,P
p.R337L,-0.640150955,-0.69779776,-0.796750464,0.601938589,P
p.R337P,-0.467141661,-1.132865377,-1.747493006,1.10845223,P
p.R342P,-0.294387254,-1.25854948,-1.749599346,1.547454312,P
p.S215I,0.686979477,1.471160579,-0.55723925,1.031280849,P
p.S240R,0.446742712,1.318129116,-0.315422638,0.463864823,P
p.S241C,0.703426447,1.577420845,-1.573566139,1.098253324,P
p.S241F,0.191799293,0.85378796,-1.462822198,1.286256888,P
p.S241Y,0.309015981,0.799136324,-0.164174545,0.090058843,P
p.T125K,0.457581882,0.513187536,-0.331624577,-0.111319187,P
p.T125R,0.452573519,0.786079998,-1.775238746,1.104919693,P
p.V157A,0.354430809,0.660525776,-0.820033327,0.232988505,P
p.V172F,0.462120326,0.866662088,-0.008718997,0.611491299,P
p.V173A,0.714213357,1.312284401,-0.902125351,0.985167988,P
p.V173E,-0.051623531,1.479959463,-0.308652899,0.455824319,P
p.V173L,0.473135869,0.844275485,0.050255544,0.372549857,P
p.V173M,0.675281536,1.930534412,-1.201488396,1.066360923,P
p.V218M,0.337234419,1.059447197,-0.126166429,0.197040373,P
p.Y163C,0.933723183,1.739417013,-1.002455118,1.282571007,P
p.Y163D,0.762263177,2.088776963,-1.152352118,0.537610928,P
p.Y205C,0.533117028,1.741104425,-1.638961258,1.068062502,P
p.Y220C,0.444997242,1.526383395,-1.146324281,0.633984088,P
p.Y220N,0.71242825,1.596320304,-1.292837231,1.01322045,P
p.Y220S,0.621523529,1.34607702,-1.410579328,1.226370202,P
p.Y234C,0.665703675,1.469313284,-1.091143978,0.97652002,P
p.Y234H,0.434134849,1.727446345,-0.96937242,0.51658088,P
p.Y234S,0.76866958,1.423888672,-1.590755304,1.383276468,P
