p_variant,Ebert_score,WT_nutlin_score,Etoposide_score,null_nutlin_score,classification
p.A119P,0.010637082,0.061144016,-0.004556817,0.700410535,VUS
p.A138V,0.6570235,1.258852427,-0.446004326,0.336010719,VUS
p.A161T,0.551737929,1.336563668,-0.478527052,0.147318072,VUS
p.A189V,-0.072309391,0.041560743,0.762345938,-0.981104249,VUS
p.A63T,-0.565644524,-0.202421369,0.45016602,-0.199222806,VUS
p.A63V,-0.24627874,-0.41953775,0.425104211,-0.18900498,VUS
p.A74V,-0.465960549,-0.214822468,0.700463717,-1.67958024,VUS
p.A78G,-0.156108976,-0.508634846,0.461795943,-0.541333656,VUS
p.A83E,-0.182208706,-0.102607016,0.515616483,-0.104944799,VUS
p.A84T,-0.004774164,-0.172701838,0.58330731,-0.690452831,VUS
p.A88V,-0.602972868,-0.25289038,0.610952439,-1.35341621,VUS
p.C124S,0.040164392,0.30189709,0.017753384,0.154780597,VUS
p.C135G,0.506549684,1.610387661,-1.515428228,0.647809449,VUS
p.D148A,0.036366871,0.166243981,-0.224568149,0.388664345,VUS
p.D259V,0.704135941,1.298783179,-1.397750225,1.625904488,VUS
p.D42G,-0.538867375,-0.297072724,0.348099131,0.383213311,VUS
p.D49H,0.231654207,-0.346489101,0.592324113,0.570080804,VUS
p.D61G,0.189857474,-0.080044461,0.531016107,0.233695822,VUS
p.D7H,0.042915438,-0.478165678,0.512018265,-0.389045632,VUS
p.E11K,0.021614667,-0.109723733,0.595908414,-0.839804644,VUS
p.E171K,-0.032647114,0.097568672,0.695255249,-0.618017852,VUS
p.E287K,0.070115225,0.113470066,0.32677558,-0.162660096,VUS
p.E28V,0.057470562,0.334269363,0.628897177,-1.507084769,VUS
p.E339K,-0.055708393,0.006191298,0.428339934,-0.039656751,VUS
p.E339Q,-0.343328359,-1.290750998,0.936237228,-0.731302085,VUS
p.E358K,-0.148854084,-0.20487987,0.565179301,-0.693560957,VUS
p.E358V,-0.043681983,-0.721780092,1.105107447,-1.174564551,VUS
p.E388A,-0.316400726,-0.247964607,1.238938102,-2.297996163,VUS
p.E3G,0.01078017,-0.535012579,-1.23100886,-1.19083609,VUS
p.F113V,0.523729018,1.269661598,-0.844281856,1.609429149,VUS
p.F134I,0.715100235,1.837511201,-1.075165787,0.695978206,VUS
p.F338L,-0.47131843,-0.996691971,0.108986492,0.339981832,VUS
p.F385L,0.064989166,0.075002203,0.588544074,-1.105805198,VUS
p.G108S,0.022369079,0.403265993,0.426762309,-0.352725322,VUS
p.G117R,-0.211384268,-0.032867635,-0.05098387,0.273325624,VUS
p.G154D,0.197106707,0.231907569,0.508477758,-0.654487454,VUS
p.G154S,0.358846234,0.773081503,0.129238349,0.007480072,VUS
p.G226V,0.143249148,0.046643129,0.550475353,-0.26803045,VUS
p.G262S,0.046359928,0.355160524,0.171301716,-0.129742667,VUS
p.G266V,0.761620409,1.10790423,-0.302197968,0.317624172,VUS
p.G293W,-0.015464998,0.108261916,0.517707607,-0.587108475,VUS
p.G325E,-0.310732452,-0.129865935,0.166421893,0.110427443,VUS
p.G325R,-0.461734845,0.048501485,0.28131202,-0.138984091,VUS
p.G325V,-0.590596883,-0.372786445,0.61158514,-0.151916328,VUS
p.G356R,-0.312917855,-0.296033501,0.346920491,-0.087665541,VUS
p.G360E,-0.258878147,-0.884793466,0.669220347,-0.541562095,VUS
p.G360R,-0.336071557,-0.202209671,0.509681035,-0.399647489,VUS
p.G360W,-0.249214136,-0.673610936,0.79250043,-1.11102062,VUS
p.G361E,-0.136088068,-0.529742072,0.439899388,-0.653747813,VUS
p.G374S,-0.349493386,-0.022149087,0.469219157,-1.058716895,VUS
p.H115N,-0.202453021,0.01264511,0.528652221,-0.510031885,VUS
p.H115R,-0.106307216,-0.087107096,0.60947592,-0.335791135,VUS
p.H214N,0.423701199,0.655855672,0.451591086,0.026426244,VUS
p.H297R,0.177124214,0.288053212,0.242014375,-0.210771921,VUS
p.H365Y,-0.065692728,-0.365854514,0.599972702,-0.201573181,VUS
p.H368Y,-0.115189931,-0.597580524,1.224364321,-1.259026445,VUS
p.I254V,-0.29747504,0.382829557,0.369348171,-0.622595762,VUS
p.I255N,0.001677169,1.679724406,-1.295732323,0.905783887,VUS
p.I332N,0.002897036,-1.357185455,-1.805857133,1.222368372,VUS
p.I50N,-0.059647983,-0.195973882,1.173884616,-0.12919214,VUS
p.I50T,-0.324070513,-0.614471603,0.76091878,-0.914550371,VUS
p.K120E,0.172731148,0.579302841,-0.474152624,0.481432037,VUS
p.K291E,0.066548166,0.524788537,0.666350819,-0.007119827,VUS
p.K372R,-0.120322459,-0.366919675,0.644647977,-0.736119554,VUS
p.L145P,0.546299162,1.580916336,-1.247851934,1.133105157,VUS
p.L145Q,0.005310145,1.698840295,-1.091962718,0.863885499,VUS
p.L264P,0.169545553,0.766569896,0.061840361,0.278212946,VUS
p.L35F,0.106420859,0.004486789,0.542012719,-0.688620757,VUS
p.M160I,-0.016360497,0.424773685,0.385571842,-0.215087735,VUS
p.M237T,0.354310722,0.945551815,0.190991358,0.435093679,VUS
p.M243L,0.103793034,0.705033883,0.215641968,-0.298226643,VUS
p.M384T,0.173666073,-0.116590319,0.708296603,-1.618795076,VUS
p.M384V,-0.082922873,-0.148772834,0.836689804,-1.519371689,VUS
p.M40T,0.019379283,-0.124756296,0.777987958,-0.299679199,VUS
p.M66I,-0.239515818,0.018000409,0.452887253,-0.198406715,VUS
p.N131K,0.170651654,0.304691878,0.484355607,-0.135882926,VUS
p.N29T,0.063655475,-0.123880056,-0.371882576,0.413554784,VUS
p.P13R,0.009594928,-0.28737027,0.634769267,-0.746779389,VUS
p.P13S,-0.082065296,-0.45635397,0.124669083,-0.229844484,VUS
p.P152S,0.50679787,1.064175522,-0.637404228,0.745381527,VUS
p.P153S,0.089531726,-0.02128565,0.611373844,-1.020297373,VUS
p.P177T,0.297083313,0.483824418,0.100213329,0.25425192,VUS
p.P190L,0.446314325,1.155466452,-1.434909745,1.147751585,VUS
p.P190R,0.13165906,0.730590866,-1.320688786,0.815907312,VUS
p.P190T,0.417859014,1.207755407,-0.340778727,0.513955631,VUS
p.P191R,-0.088716955,0.08111931,0.520541303,-0.11028217,VUS
p.P222L,0.173903828,0.20893507,0.539745758,-0.229931499,VUS
p.P278A,0.79306515,2.096922063,-1.747799176,1.086226989,VUS
p.P278R,0.830758099,1.966202397,-1.511495099,1.644564413,VUS
p.P295L,0.161707307,0.330283579,-0.213272426,0.663235533,VUS
p.P301L,0.27124858,0.58044944,-0.024681435,0.037717095,VUS
p.P309S,-0.915359464,-0.367266308,0.773509045,-0.570253601,VUS
p.P322S,-0.270724257,-0.391415287,0.527588381,-0.259989385,VUS
p.P47R,0.04118826,0.010160936,0.04194797,0.988421101,VUS
p.P77T,-0.368129857,-0.228925692,-0.187896583,0.428685914,VUS
p.P82A,-0.501337382,-0.515874714,-0.053761395,1.029752774,VUS
p.Q136E,0.329297794,1.43095762,-1.315933151,1.260827446,VUS
p.Q136H,0.052097863,0.547998592,0.214550516,0.041593306,VUS
p.Q144P,0.780041182,1.695201042,-1.345959549,1.578745715,VUS
p.Q354K,-0.178459402,-0.251972851,0.863742646,-0.806432585,VUS
p.Q52R,-0.115575493,-0.089784639,-0.408454998,0.732379004,VUS
p.Q5R,-0.107293995,-0.307799185,-0.061830608,-0.140919575,VUS
p.R110C,0.107386011,0.421977347,0.323767765,-0.856512995,VUS
p.R110H,0.026741227,0.201289888,0.513217906,-0.245438693,VUS
p.R110S,-0.063960943,0.047033733,0.465153655,-0.312160468,VUS
p.R156C,-0.453196408,-0.042115283,0.761596249,-0.353475853,VUS
p.R156G,0.397613263,0.165017592,-0.228798825,0.745907048,VUS
p.R156S,0.039807875,0.012687331,0.887681136,-0.787065695,VUS
p.R175C,-0.369902464,0.377718847,0.814890117,-1.204282639,VUS
p.R181S,0.159345483,0.197562333,0.017538881,0.470297079,VUS
p.R196Q,-0.019981861,0.6119327,0.238369904,-0.052867282,VUS
p.R249K,0.209903454,0.960554972,0.105510807,-0.003068422,VUS
p.R249T,0.69558292,2.042763875,-1.245017184,1.30884445,VUS
p.R267G,0.668361583,0.881084345,-1.403982265,0.936773027,VUS
p.R267Q,0.077927796,0.398898669,-0.011732103,0.133427522,VUS
p.R282Q,0.170496077,0.670706303,0.206105804,-0.309104827,VUS
p.R283C,-0.146627048,-0.083487043,0.432713713,-0.542843776,VUS
p.R283H,0.128152532,0.549270245,0.108159359,-0.103920205,VUS
p.R290C,0.029375067,0.082395511,0.537298278,-0.754922729,VUS
p.R290H,0.227440987,0.473134078,0.373659226,-0.344654966,VUS
p.R306Q,-0.643539819,-0.727456427,0.441513606,-0.177409629,VUS
p.R333C,-0.256009314,-1.178600882,0.577687597,-0.568987549,VUS
p.R333H,-0.271621166,-0.533408644,0.773129831,-0.82844896,VUS
p.R335C,-0.164336775,-0.835130045,0.490027295,-0.364198754,VUS
p.R342Q,-0.459507253,-0.40650315,0.277056574,-0.23098218,VUS
p.R363K,-0.120372811,-0.260340804,0.23199746,-0.374063835,VUS
p.R379C,-0.447469746,-0.50472373,0.837701192,-0.954927061,VUS
p.R379H,0.107488296,0.043040115,0.740596536,-0.996864183,VUS
p.R379L,-0.38202405,-0.317542112,0.85827944,-1.297574611,VUS
p.R379S,-0.045519105,-0.143641773,0.906502776,-0.568683279,VUS
p.S183L,-0.219963761,0.098608776,-0.233019403,0.902686856,VUS
p.S185N,0.014767787,0.227527022,0.210866534,-0.293036243,VUS
p.S215T,0.252127658,1.015229069,-0.854048193,1.001886542,VUS
p.S303G,-0.059865557,-0.118383206,0.344957862,-0.175916501,VUS
p.S303N,0.06409522,-0.003477578,0.545947254,-0.44601012,VUS
p.S314F,-0.157871483,-0.251037086,0.331681005,-0.221416502,VUS
p.S315T,-0.456845439,-0.100110318,0.44466571,-0.575130417,VUS
p.S33Y,-0.023427789,-0.048395054,0.564607347,-0.464844074,VUS
p.S366A,-0.179421352,-1.00446978,1.026296812,-1.440529078,VUS
p.S367G,-0.0209689,-0.011920392,0.835318509,-0.947620105,VUS
p.S46P,0.051182971,-0.033787318,0.195075997,-0.068246466,VUS
p.S95F,0.096826658,0.409855911,0.082022923,0.260586056,VUS
p.T102I,-0.011119549,-0.091365239,0.852673332,0.082459427,VUS
p.T118I,-0.208752641,0.397528292,0.373000483,-0.439226093,VUS
p.T123I,-0.055390049,0.52340211,0.083028271,0.473736455,VUS
p.T125A,0.112164686,0.62101225,0.141696083,0.394113505,VUS
p.T140N,0.08368165,0.191487213,0.619713844,-0.192483404,VUS
p.T170M,0.080452102,0.108130411,1.068466067,-0.65741455,VUS
p.T211P,0.341774648,1.290048331,-1.270046488,1.066075152,VUS
p.T253A,0.230574024,1.164141212,-0.484877549,0.128704534,VUS
p.T284S,-0.059191443,0.420457195,0.876195283,-0.784647153,VUS
p.T304A,-0.165588115,-0.714212621,0.206888392,0.067953965,VUS
p.V122M,0.162998094,0.744953518,0.576785631,0.11615077,VUS
p.V143L,0.060992571,0.588526898,0.274974148,0.66906104,VUS
p.V143M,0.480774074,1.116455148,-0.97028648,0.929134723,VUS
p.V157I,0.121145867,0.593863107,0.438765687,-0.568234666,VUS
p.V197L,0.22533909,0.801544857,0.005152767,0.022718708,VUS
p.V203L,0.437423445,1.026271291,-0.291994639,0.158451001,VUS
p.V217L,0.302199966,0.584386648,0.212924337,-0.160446437,VUS
p.V225I,-0.051474073,0.142837338,0.388745111,-0.447548077,VUS
p.V272G,0.618267286,1.549847638,-1.280324441,0.853841856,VUS
p.V272M,0.583903333,1.790216627,-1.20047192,1.149743262,VUS
p.V31I,0.033671764,-0.270370879,0.307859905,-0.524369381,VUS
p.V97A,0.157404984,0.697161116,0.416050012,-0.337526029,VUS
p.Y107C,-0.265253937,0.628704114,-0.272863871,0.531813817,VUS
p.Y107S,0.212098635,0.218964396,0.086359651,-0.193833581,VUS
